{"v":"5.5.7","meta":{"g":"LottieFiles AE 0.1.20","a":"","k":"","d":"","tc":"#FFFFFF"},"fr":30,"ip":0,"op":110,"w":1080,"h":1080,"nm":"Blue_tick","ddd":0,"assets":[{"id":"comp_0","layers":[{"ddd":0,"ind":3,"ty":0,"nm":"+","refId":"comp_1","sr":1,"ks":{"o":{"a":1,"k":[{"i":{"x":[0.667],"y":[1]},"o":{"x":[0.333],"y":[0]},"t":8.4,"s":[100]},{"t":35.999609375,"s":[0]}],"ix":11},"r":{"a":0,"k":4,"ix":10},"p":{"a":0,"k":[556,585,0],"ix":2},"a":{"a":0,"k":[-1377.316,-403.35,0],"ix":1},"s":{"a":1,"k":[{"i":{"x":[0.735,0.735,0.667],"y":[0.955,0.955,1]},"o":{"x":[0.476,0.476,0.333],"y":[0,0,0]},"t":8.4,"s":[0,0,100]},{"t":14.999609375,"s":[21.709,21.709,100]}],"ix":6}},"ao":0,"w":188,"h":177,"ip":8.4,"op":36,"st":8.4,"bm":0},{"ddd":0,"ind":4,"ty":0,"nm":"+","refId":"comp_1","sr":1,"ks":{"o":{"a":1,"k":[{"i":{"x":[0.667],"y":[1]},"o":{"x":[0.333],"y":[0]},"t":1.2,"s":[100]},{"t":28.799609375,"s":[0]}],"ix":11},"r":{"a":0,"k":4,"ix":10},"p":{"a":0,"k":[556,585,0],"ix":2},"a":{"a":0,"k":[1534.344,538.576,0],"ix":1},"s":{"a":1,"k":[{"i":{"x":[0.498,0.498,0.667],"y":[0.925,0.925,1]},"o":{"x":[0.464,0.464,0.333],"y":[0,0,0]},"t":1.2,"s":[0,0,100]},{"t":14.9998046875,"s":[24.934,24.934,100]}],"ix":6}},"ao":0,"w":188,"h":177,"ip":1.2,"op":33.6,"st":1.2,"bm":0},{"ddd":0,"ind":5,"ty":0,"nm":"+","refId":"comp_1","sr":1,"ks":{"o":{"a":1,"k":[{"i":{"x":[0.667],"y":[1]},"o":{"x":[0.333],"y":[0]},"t":4.8,"s":[100]},{"t":32.399609375,"s":[0]}],"ix":11},"r":{"a":0,"k":30,"ix":10},"p":{"a":0,"k":[556,585,0],"ix":2},"a":{"a":0,"k":[148.701,1566.512,0],"ix":1},"s":{"a":1,"k":[{"i":{"x":[0.629,0.629,0.667],"y":[0.927,0.927,1]},"o":{"x":[0.497,0.497,0.333],"y":[0,0,0]},"t":4.8,"s":[0,0,100]},{"t":15.0001953125,"s":[23.65,23.65,100]}],"ix":6}},"ao":0,"w":188,"h":177,"ip":4.8,"op":34.8,"st":4.8,"bm":0},{"ddd":0,"ind":6,"ty":0,"nm":"+","refId":"comp_1","sr":1,"ks":{"o":{"a":1,"k":[{"i":{"x":[0.667],"y":[1]},"o":{"x":[0.333],"y":[0]},"t":8.4,"s":[100]},{"t":35.999609375,"s":[0]}],"ix":11},"r":{"a":0,"k":35,"ix":10},"p":{"a":0,"k":[556,585,0],"ix":2},"a":{"a":0,"k":[-87.3,-836.733,0],"ix":1},"s":{"a":1,"k":[{"i":{"x":[0.735,0.735,0.667],"y":[0.917,0.917,1]},"o":{"x":[0.476,0.476,0.333],"y":[0,0,0]},"t":8.4,"s":[0,0,100]},{"t":14.999609375,"s":[23.418,23.418,100]}],"ix":6}},"ao":0,"w":188,"h":177,"ip":8.4,"op":36,"st":8.4,"bm":0},{"ddd":0,"ind":7,"ty":0,"nm":"+","refId":"comp_1","sr":1,"ks":{"o":{"a":1,"k":[{"i":{"x":[0.667],"y":[1]},"o":{"x":[0.333],"y":[0]},"t":1.2,"s":[100]},{"t":28.799609375,"s":[0]}],"ix":11},"r":{"a":0,"k":10,"ix":10},"p":{"a":0,"k":[556,585,0],"ix":2},"a":{"a":0,"k":[755.538,1066.189,0],"ix":1},"s":{"a":1,"k":[{"i":{"x":[0.498,0.498,0.667],"y":[0.888,0.888,1]},"o":{"x":[0.464,0.464,0.333],"y":[0,0,0]},"t":1.2,"s":[0,0,100]},{"t":14.9998046875,"s":[28.458,28.458,100]}],"ix":6}},"ao":0,"w":188,"h":177,"ip":1.2,"op":31.2,"st":1.2,"bm":0},{"ddd":0,"ind":8,"ty":0,"nm":"+","refId":"comp_1","sr":1,"ks":{"o":{"a":1,"k":[{"i":{"x":[0.667],"y":[1]},"o":{"x":[0.333],"y":[0]},"t":4.8,"s":[100]},{"t":32.399609375,"s":[0]}],"ix":11},"r":{"a":0,"k":48,"ix":10},"p":{"a":0,"k":[548.792,598.556,0],"ix":2},"a":{"a":0,"k":[-858.624,-144.987,0],"ix":1},"s":{"a":1,"k":[{"i":{"x":[0.629,0.629,0.667],"y":[0.867,0.867,1]},"o":{"x":[0.497,0.497,0.333],"y":[0,0,0]},"t":4.8,"s":[0,0,100]},{"t":15.0001953125,"s":[27.822,27.822,100]}],"ix":6}},"ao":0,"w":188,"h":177,"ip":4.8,"op":32.4,"st":4.8,"bm":0},{"ddd":0,"ind":9,"ty":0,"nm":"+","refId":"comp_1","sr":1,"ks":{"o":{"a":1,"k":[{"i":{"x":[0.667],"y":[1]},"o":{"x":[0.333],"y":[0]},"t":6,"s":[100]},{"t":33.599609375,"s":[0]}],"ix":11},"r":{"a":0,"k":10,"ix":10},"p":{"a":0,"k":[556,585,0],"ix":2},"a":{"a":0,"k":[843.259,-294.238,0],"ix":1},"s":{"a":1,"k":[{"i":{"x":[0.674,0.674,0.667],"y":[0.895,0.895,1]},"o":{"x":[0.499,0.499,0.333],"y":[0,0,0]},"t":6,"s":[0,0,100]},{"t":15,"s":[25.244,25.244,100]}],"ix":6}},"ao":0,"w":188,"h":177,"ip":6,"op":36,"st":6,"bm":0},{"ddd":0,"ind":10,"ty":0,"nm":"+","refId":"comp_1","sr":1,"ks":{"o":{"a":1,"k":[{"i":{"x":[0.667],"y":[1]},"o":{"x":[0.333],"y":[0]},"t":1.2,"s":[100]},{"t":28.799609375,"s":[0]}],"ix":11},"r":{"a":0,"k":38,"ix":10},"p":{"a":0,"k":[556,585,0],"ix":2},"a":{"a":0,"k":[-535.075,1089.783,0],"ix":1},"s":{"a":1,"k":[{"i":{"x":[0.498,0.498,0.667],"y":[0.901,0.901,1]},"o":{"x":[0.464,0.464,0.333],"y":[0,0,0]},"t":1.2,"s":[0,0,100]},{"t":14.9998046875,"s":[27.048,27.048,100]}],"ix":6}},"ao":0,"w":188,"h":177,"ip":1.2,"op":33.6,"st":1.2,"bm":0},{"ddd":0,"ind":11,"ty":0,"nm":"icon","refId":"comp_2","sr":1,"ks":{"o":{"a":1,"k":[{"i":{"x":[0.667],"y":[1]},"o":{"x":[0.333],"y":[0]},"t":4.8,"s":[100]},{"t":32.399609375,"s":[0]}],"ix":11},"r":{"a":0,"k":-24,"ix":10},"p":{"a":0,"k":[556,585,0],"ix":2},"a":{"a":0,"k":[-1377.316,-403.35,0],"ix":1},"s":{"a":1,"k":[{"i":{"x":[0.629,0.629,0.667],"y":[0.921,0.921,-5.889]},"o":{"x":[0.497,0.497,0.333],"y":[0,0,0]},"t":4.8,"s":[0,0,100]},{"t":15.0001953125,"s":[24.034,24.034,100]}],"ix":6}},"ao":0,"w":188,"h":177,"ip":4.8,"op":32.4,"st":4.8,"bm":0},{"ddd":0,"ind":12,"ty":0,"nm":"icon","refId":"comp_2","sr":1,"ks":{"o":{"a":1,"k":[{"i":{"x":[0.667],"y":[1]},"o":{"x":[0.333],"y":[0]},"t":0,"s":[100]},{"t":27.599609375,"s":[0]}],"ix":11},"r":{"a":0,"k":-24,"ix":10},"p":{"a":0,"k":[556,585,0],"ix":2},"a":{"a":0,"k":[1534.344,538.576,0],"ix":1},"s":{"a":1,"k":[{"i":{"x":[0.46,0.46,0.667],"y":[0.922,0.922,-9.787]},"o":{"x":[0.45,0.45,0.333],"y":[0,0,0]},"t":0,"s":[0,0,100]},{"t":15,"s":[25.78,25.78,100]}],"ix":6}},"ao":0,"w":188,"h":177,"ip":0,"op":32.4,"st":0,"bm":0},{"ddd":0,"ind":13,"ty":0,"nm":"icon","refId":"comp_2","sr":1,"ks":{"o":{"a":1,"k":[{"i":{"x":[0.667],"y":[1]},"o":{"x":[0.333],"y":[0]},"t":2.4,"s":[100]},{"t":29.999609375,"s":[0]}],"ix":11},"r":{"a":0,"k":2,"ix":10},"p":{"a":0,"k":[556,585,0],"ix":2},"a":{"a":0,"k":[148.701,1566.512,0],"ix":1},"s":{"a":1,"k":[{"i":{"x":[0.539,0.539,0.667],"y":[0.917,0.917,-8.061]},"o":{"x":[0.477,0.477,0.333],"y":[0,0,0]},"t":2.4,"s":[0,0,100]},{"t":14.999609375,"s":[25.061,25.061,100]}],"ix":6}},"ao":0,"w":188,"h":177,"ip":2.4,"op":32.4,"st":2.4,"bm":0},{"ddd":0,"ind":14,"ty":0,"nm":"icon","refId":"comp_2","sr":1,"ks":{"o":{"a":1,"k":[{"i":{"x":[0.667],"y":[1]},"o":{"x":[0.333],"y":[0]},"t":4.8,"s":[100]},{"t":32.399609375,"s":[0]}],"ix":11},"r":{"a":0,"k":7,"ix":10},"p":{"a":0,"k":[556,585,0],"ix":2},"a":{"a":0,"k":[-87.3,-836.733,0],"ix":1},"s":{"a":1,"k":[{"i":{"x":[0.629,0.629,0.667],"y":[0.864,0.864,-1.87]},"o":{"x":[0.497,0.497,0.333],"y":[0,0,0]},"t":4.8,"s":[0,0,100]},{"t":15.0001953125,"s":[28.069,28.069,100]}],"ix":6}},"ao":0,"w":188,"h":177,"ip":4.8,"op":32.4,"st":4.8,"bm":0},{"ddd":0,"ind":15,"ty":0,"nm":"icon","refId":"comp_2","sr":1,"ks":{"o":{"a":1,"k":[{"i":{"x":[0.667],"y":[1]},"o":{"x":[0.333],"y":[0]},"t":2.4,"s":[100]},{"t":29.999609375,"s":[0]}],"ix":11},"r":{"a":0,"k":-18,"ix":10},"p":{"a":0,"k":[556,585,0],"ix":2},"a":{"a":0,"k":[755.538,1066.189,0],"ix":1},"s":{"a":1,"k":[{"i":{"x":[0.539,0.539,0.667],"y":[0.876,0.876,-3.531]},"o":{"x":[0.477,0.477,0.333],"y":[0,0,0]},"t":2.4,"s":[0,0,100]},{"t":14.999609375,"s":[28.677,28.677,100]}],"ix":6}},"ao":0,"w":188,"h":177,"ip":2.4,"op":32.4,"st":2.4,"bm":0},{"ddd":0,"ind":16,"ty":0,"nm":"icon","refId":"comp_2","sr":1,"ks":{"o":{"a":1,"k":[{"i":{"x":[0.667],"y":[1]},"o":{"x":[0.333],"y":[0]},"t":4.8,"s":[100]},{"t":32.399609375,"s":[0]}],"ix":11},"r":{"a":0,"k":20,"ix":10},"p":{"a":0,"k":[556,601.97,0],"ix":2},"a":{"a":0,"k":[-858.624,-144.987,0],"ix":1},"s":{"a":1,"k":[{"i":{"x":[0.629,0.629,0.667],"y":[0.857,0.857,-3.305]},"o":{"x":[0.497,0.497,0.333],"y":[0,0,0]},"t":4.8,"s":[0,0,100]},{"t":15.0001953125,"s":[28.645,28.645,100]}],"ix":6}},"ao":0,"w":188,"h":177,"ip":4.8,"op":32.4,"st":4.8,"bm":0},{"ddd":0,"ind":17,"ty":0,"nm":"icon","refId":"comp_2","sr":1,"ks":{"o":{"a":1,"k":[{"i":{"x":[0.667],"y":[1]},"o":{"x":[0.333],"y":[0]},"t":2.4,"s":[100]},{"t":29.999609375,"s":[0]}],"ix":11},"r":{"a":0,"k":-18,"ix":10},"p":{"a":0,"k":[499,626,0],"ix":2},"a":{"a":0,"k":[843.259,-294.238,0],"ix":1},"s":{"a":1,"k":[{"i":{"x":[0.539,0.539,0.667],"y":[0.876,0.876,-3.531]},"o":{"x":[0.477,0.477,0.333],"y":[0,0,0]},"t":2.4,"s":[0,0,100]},{"t":14.999609375,"s":[28.677,28.677,100]}],"ix":6}},"ao":0,"w":188,"h":177,"ip":2.4,"op":32.4,"st":2.4,"bm":0},{"ddd":0,"ind":18,"ty":0,"nm":"icon","refId":"comp_2","sr":1,"ks":{"o":{"a":1,"k":[{"i":{"x":[0.667],"y":[1]},"o":{"x":[0.333],"y":[0]},"t":0,"s":[100]},{"t":27.599609375,"s":[0]}],"ix":11},"r":{"a":0,"k":10,"ix":10},"p":{"a":0,"k":[556,585,0],"ix":2},"a":{"a":0,"k":[-535.075,1089.783,0],"ix":1},"s":{"a":1,"k":[{"i":{"x":[0.46,0.46,0.667],"y":[0.899,0.899,-25.969]},"o":{"x":[0.45,0.45,0.333],"y":[0,0,0]},"t":0,"s":[0,0,100]},{"t":15,"s":[28.256,28.256,100]}],"ix":6}},"ao":0,"w":188,"h":177,"ip":0,"op":32.4,"st":0,"bm":0}]},{"id":"comp_1","layers":[{"ddd":0,"ind":1,"ty":5,"nm":"+","sr":1,"ks":{"o":{"a":0,"k":100,"ix":11},"r":{"a":0,"k":0,"ix":10},"p":{"a":0,"k":[94,88.5,0],"ix":2},"a":{"a":0,"k":[1.979,-73.229,0],"ix":1},"s":{"a":0,"k":[100,100,100],"ix":6}},"ao":0,"t":{"d":{"k":[{"s":{"s":193,"f":"OpenSans-SemiBoldItalic","t":"+","j":2,"tr":0,"lh":231.6,"ls":5,"fc":[0,0.69,0.961]},"t":0}]},"p":{},"m":{"g":1,"a":{"a":0,"k":[0,0],"ix":2}},"a":[]},"ip":0,"op":90,"st":0,"bm":0}]},{"id":"comp_2","layers":[{"ddd":0,"ind":1,"ty":4,"nm":"Twitter Logo 2","sr":1,"ks":{"o":{"a":0,"k":100,"ix":11},"r":{"a":0,"k":0,"ix":10},"p":{"a":0,"k":[94,88.5,0],"ix":2},"a":{"a":0,"k":[-31,-37.414,0],"ix":1},"s":{"a":0,"k":[114.4,114.4,100],"ix":6}},"ao":0,"shapes":[{"ty":"gr","it":[{"ty":"gr","it":[{"ind":0,"ty":"sh","ix":1,"ks":{"a":0,"k":{"i":[[0,0],[0,0],[0,0],[0,0],[0,0],[0,0]],"o":[[0,0],[0,0],[0,0],[0,0],[0,0],[0,0]],"v":[[-367,-352.673],[-336.689,-290.517],[-298.016,-233.189],[-367,-238.017],[-435.985,-233.189],[-397.311,-290.517]],"c":true},"ix":2},"nm":"Path 1","mn":"ADBE Vector Shape - Group","hd":false},{"ty":"fl","c":{"a":1,"k":[{"i":{"x":[0.833],"y":[1]},"o":{"x":[0.333],"y":[0]},"t":3.6,"s":[1,0.749019622803,0.301960796118,1]},{"i":{"x":[0.667],"y":[-47.652]},"o":{"x":[0.333],"y":[0]},"t":6,"s":[1,0.749019622803,0.301960796118,1]},{"i":{"x":[0.667],"y":[-41.276]},"o":{"x":[0.333],"y":[24.326]},"t":10.8,"s":[1,0.749019622803,0.301960796118,1]},{"i":{"x":[0.667],"y":[-54.654]},"o":{"x":[0.333],"y":[42.276]},"t":13.2,"s":[1,0.749019622803,0.301960796118,1]},{"i":{"x":[0.667],"y":[1]},"o":{"x":[0.333],"y":[27.827]},"t":15.6,"s":[1,0.749019622803,0.301960796118,1]},{"i":{"x":[0.595],"y":[-10.243]},"o":{"x":[0.254],"y":[0]},"t":16.8,"s":[1,0.749019622803,0.301960796118,1]},{"i":{"x":[0.689],"y":[1]},"o":{"x":[0.248],"y":[55.055]},"t":18,"s":[1,0.749019622803,0.301960796118,1]},{"t":27.6,"s":[1,0.749019622803,0.301960796118,1]}],"ix":4},"o":{"a":0,"k":100,"ix":5},"r":1,"bm":0,"nm":"Fill 1","mn":"ADBE Vector Graphic - Fill","hd":false},{"ty":"tr","p":{"a":0,"k":[336,255.517],"ix":2},"a":{"a":0,"k":[0,0],"ix":1},"s":{"a":0,"k":[100,100],"ix":3},"r":{"a":0,"k":0,"ix":6},"o":{"a":0,"k":100,"ix":7},"sk":{"a":0,"k":0,"ix":4},"sa":{"a":0,"k":0,"ix":5},"nm":"Transform"}],"nm":"Group 1","np":2,"cix":2,"bm":0,"ix":1,"mn":"ADBE Vector Group","hd":false},{"ty":"tr","p":{"a":0,"k":[256,256],"ix":2},"a":{"a":0,"k":[256,256],"ix":1},"s":{"a":0,"k":[100,100],"ix":3},"r":{"a":0,"k":0,"ix":6},"o":{"a":0,"k":100,"ix":7},"sk":{"a":0,"k":0,"ix":4},"sa":{"a":0,"k":0,"ix":5},"nm":"Transform"}],"nm":"Group 1","np":1,"cix":2,"bm":0,"ix":1,"mn":"ADBE Vector Group","hd":false}],"ip":0,"op":90,"st":0,"bm":0}]}],"fonts":{"list":[{"fName":"OpenSans-SemiBoldItalic","fFamily":"OpenSans","fStyle":"SemiBoldItalic","ascent":71.8994140625}]},"layers":[{"ddd":0,"ind":1,"ty":4,"nm":"Tick","sr":1,"ks":{"o":{"a":0,"k":100,"ix":11},"r":{"a":0,"k":0,"ix":10},"p":{"a":0,"k":[295.807,342.672,0],"ix":2},"a":{"a":0,"k":[0,0,0],"ix":1},"s":{"a":0,"k":[1439,1439,100],"ix":6}},"ao":0,"shapes":[{"ty":"gr","it":[{"ind":0,"ty":"sh","ix":1,"ks":{"a":0,"k":{"i":[[0,0],[0,0],[0,0]],"o":[[0,0],[0,0],[0,0]],"v":[[7.375,13.875],[13,19.875],[24.125,9]],"c":false},"ix":2},"nm":"Path 1","mn":"ADBE Vector Shape - Group","hd":false},{"ty":"st","c":{"a":0,"k":[0,0.690196078431,0.960784313725,1],"ix":3},"o":{"a":0,"k":100,"ix":4},"w":{"a":0,"k":4,"ix":5},"lc":2,"lj":2,"bm":0,"nm":"Stroke 1","mn":"ADBE Vector Graphic - Stroke","hd":false},{"ty":"tr","p":{"a":0,"k":[0,0],"ix":2},"a":{"a":0,"k":[0,0],"ix":1},"s":{"a":0,"k":[100,100],"ix":3},"r":{"a":0,"k":0,"ix":6},"o":{"a":0,"k":100,"ix":7},"sk":{"a":0,"k":0,"ix":4},"sa":{"a":0,"k":0,"ix":5},"nm":"Transform"}],"nm":"Shape 1","np":3,"cix":2,"bm":0,"ix":1,"mn":"ADBE Vector Group","hd":false},{"ty":"tm","s":{"a":0,"k":0,"ix":1},"e":{"a":1,"k":[{"i":{"x":[0.667],"y":[1]},"o":{"x":[0.333],"y":[0]},"t":41,"s":[0]},{"t":57,"s":[99]}],"ix":2},"o":{"a":0,"k":0,"ix":3},"m":1,"ix":2,"nm":"Trim Paths 1","mn":"ADBE Vector Filter - Trim","hd":false}],"ip":0,"op":110,"st":0,"bm":0},{"ddd":0,"ind":2,"ty":4,"nm":"circle 3","sr":1,"ks":{"o":{"a":1,"k":[{"i":{"x":[0.833],"y":[0.833]},"o":{"x":[0.167],"y":[0.167]},"t":4,"s":[100]},{"t":27.999609375,"s":[0]}],"ix":11},"r":{"a":0,"k":0,"ix":10},"p":{"a":0,"k":[513,550,0],"ix":2},"a":{"a":0,"k":[0,0,0],"ix":1},"s":{"a":1,"k":[{"i":{"x":[0.559,0.559,0.667],"y":[0.959,0.959,-6.618]},"o":{"x":[0.47,0.47,0.333],"y":[0,0,0]},"t":-7.5,"s":[0,0,100]},{"i":{"x":[0.503,0.503,0.667],"y":[1,1,1]},"o":{"x":[0.206,0.206,0.333],"y":[-0.156,-0.156,37.399]},"t":0.2,"s":[198.481,198.481,100]},{"t":37.999609375,"s":[80,80,100]}],"ix":6}},"ao":0,"shapes":[{"ty":"gr","it":[{"d":1,"ty":"el","s":{"a":0,"k":[300,300],"ix":2},"p":{"a":0,"k":[0,0],"ix":3},"nm":"Ellipse Path 1","mn":"ADBE Vector Shape - Ellipse","hd":false},{"ty":"st","c":{"a":0,"k":[0,0.690196078431,0.960784313725,1],"ix":3},"o":{"a":0,"k":100,"ix":4},"w":{"a":1,"k":[{"i":{"x":[0.592],"y":[0.765]},"o":{"x":[0.48],"y":[0]},"t":-7.2,"s":[10]},{"i":{"x":[0.622],"y":[0.539]},"o":{"x":[0.293],"y":[0.962]},"t":-1.3,"s":[3]},{"i":{"x":[0.627],"y":[1.056]},"o":{"x":[0.296],"y":[-0.083]},"t":3.5,"s":[2]},{"i":{"x":[0.579],"y":[1]},"o":{"x":[0.256],"y":[0.148]},"t":9,"s":[7]},{"t":38.499609375,"s":[0]}],"ix":5},"lc":2,"lj":2,"bm":0,"nm":"Stroke 1","mn":"ADBE Vector Graphic - Stroke","hd":false},{"ty":"tr","p":{"a":0,"k":[0,0],"ix":2},"a":{"a":0,"k":[0,0],"ix":1},"s":{"a":0,"k":[100,100],"ix":3},"r":{"a":0,"k":0,"ix":6},"o":{"a":0,"k":100,"ix":7},"sk":{"a":0,"k":0,"ix":4},"sa":{"a":0,"k":0,"ix":5},"nm":"Transform"}],"nm":"Ellipse 1","np":2,"cix":2,"bm":0,"ix":1,"mn":"ADBE Vector Group","hd":false},{"ty":"tm","s":{"a":0,"k":0,"ix":1},"e":{"a":1,"k":[{"i":{"x":[0.32],"y":[1]},"o":{"x":[0.68],"y":[0]},"t":-7.5,"s":[0]},{"t":35.1998046875,"s":[100]}],"ix":2},"o":{"a":1,"k":[{"i":{"x":[0.667],"y":[1]},"o":{"x":[0.333],"y":[0]},"t":-10.8,"s":[0]},{"t":28.6001953125,"s":[56]}],"ix":3},"m":1,"ix":2,"nm":"Trim Paths 1","mn":"ADBE Vector Filter - Trim","hd":false}],"ip":0,"op":25.2,"st":-9.6,"bm":0},{"ddd":0,"ind":3,"ty":4,"nm":"Circle","sr":1,"ks":{"o":{"a":0,"k":100,"ix":11},"r":{"a":0,"k":0,"ix":10},"p":{"a":0,"k":[291.211,326.385,0],"ix":2},"a":{"a":0,"k":[0,0,0],"ix":1},"s":{"a":0,"k":[1439,1439,100],"ix":6}},"ao":0,"shapes":[{"ty":"gr","it":[{"ind":0,"ty":"sh","ix":1,"ks":{"a":0,"k":{"i":[[9.841,0],[0,-9.841],[-9.841,0],[0,9.841]],"o":[[-9.841,0],[0,9.841],[9.841,0],[0,-9.841]],"v":[[17.25,-29.819],[-0.569,-12],[17.25,5.819],[35.069,-12]],"c":true},"ix":2},"nm":"Path 1","mn":"ADBE Vector Shape - Group","hd":false},{"ty":"st","c":{"a":0,"k":[0,0.690196078431,0.960784313725,1],"ix":3},"o":{"a":0,"k":100,"ix":4},"w":{"a":0,"k":3,"ix":5},"lc":1,"lj":1,"ml":4,"bm":0,"nm":"Stroke 1","mn":"ADBE Vector Graphic - Stroke","hd":false},{"ty":"tr","p":{"a":0,"k":[-1.181,27.569],"ix":2},"a":{"a":0,"k":[0,0],"ix":1},"s":{"a":0,"k":[100,100],"ix":3},"r":{"a":0,"k":0,"ix":6},"o":{"a":0,"k":100,"ix":7},"sk":{"a":0,"k":0,"ix":4},"sa":{"a":0,"k":0,"ix":5},"nm":"Transform"}],"nm":"Ellipse 1","np":3,"cix":2,"bm":0,"ix":1,"mn":"ADBE Vector Group","hd":false},{"ty":"tm","s":{"a":1,"k":[{"i":{"x":[0.667],"y":[1]},"o":{"x":[0.333],"y":[0]},"t":5,"s":[100]},{"t":29,"s":[0]}],"ix":1},"e":{"a":0,"k":100,"ix":2},"o":{"a":0,"k":0,"ix":3},"m":1,"ix":2,"nm":"Trim Paths 1","mn":"ADBE Vector Filter - Trim","hd":false}],"ip":0,"op":110,"st":0,"bm":0},{"ddd":0,"ind":4,"ty":4,"nm":"Shape Layer 2","sr":1,"ks":{"o":{"a":1,"k":[{"i":{"x":[0.833],"y":[0.833]},"o":{"x":[0.167],"y":[0.167]},"t":28,"s":[0]},{"i":{"x":[0.833],"y":[0.833]},"o":{"x":[0.167],"y":[0.167]},"t":29,"s":[100]},{"i":{"x":[0.833],"y":[0.833]},"o":{"x":[0.167],"y":[0.167]},"t":50,"s":[100]},{"t":51,"s":[0]}],"ix":11},"r":{"a":0,"k":0,"ix":10},"p":{"a":1,"k":[{"i":{"x":0.667,"y":1},"o":{"x":0.333,"y":0},"t":16,"s":[522.761,550.856,0],"to":[2.512,3.349,0],"ti":[-2.512,-3.349,0]},{"t":32,"s":[537.831,570.949,0]}],"ix":2},"a":{"a":0,"k":[0,0,0],"ix":1},"s":{"a":1,"k":[{"i":{"x":[0.833,0.833,0.833],"y":[1,1,1]},"o":{"x":[0.1,0.1,0.333],"y":[0.536,0.536,0]},"t":29,"s":[108,108,100]},{"t":42,"s":[0,0,100]}],"ix":6}},"ao":0,"shapes":[{"ty":"gr","it":[{"d":1,"ty":"el","s":{"a":0,"k":[605.185,605.185],"ix":2},"p":{"a":0,"k":[0,0],"ix":3},"nm":"Ellipse Path 1","mn":"ADBE Vector Shape - Ellipse","hd":false},{"ty":"st","c":{"a":0,"k":[0,0.690196078431,0.960784313725,1],"ix":3},"o":{"a":0,"k":100,"ix":4},"w":{"a":0,"k":0,"ix":5},"lc":1,"lj":1,"ml":4,"bm":0,"nm":"Stroke 1","mn":"ADBE Vector Graphic - Stroke","hd":false},{"ty":"gf","o":{"a":0,"k":100,"ix":10},"r":1,"bm":0,"g":{"p":3,"k":{"a":0,"k":[0,1,1,1,0.539,1,1,1,0.999,1,1,1],"ix":9}},"s":{"a":0,"k":[0,0],"ix":5},"e":{"a":0,"k":[100,0],"ix":6},"t":1,"nm":"Gradient Fill 1","mn":"ADBE Vector Graphic - G-Fill","hd":false},{"ty":"tr","p":{"a":0,"k":[-15.58,-21.415],"ix":2},"a":{"a":0,"k":[0,0],"ix":1},"s":{"a":0,"k":[89.51,89.51],"ix":3},"r":{"a":0,"k":0,"ix":6},"o":{"a":0,"k":100,"ix":7},"sk":{"a":0,"k":0,"ix":4},"sa":{"a":0,"k":0,"ix":5},"nm":"Transform"}],"nm":"Ellipse 1","np":3,"cix":2,"bm":0,"ix":1,"mn":"ADBE Vector Group","hd":false}],"ip":0,"op":110,"st":0,"bm":0},{"ddd":0,"ind":5,"ty":4,"nm":"Shape Layer 1","sr":1,"ks":{"o":{"a":1,"k":[{"i":{"x":[0.667],"y":[1]},"o":{"x":[0.333],"y":[0]},"t":28,"s":[0]},{"i":{"x":[0.667],"y":[1]},"o":{"x":[0.333],"y":[0]},"t":29,"s":[100]},{"i":{"x":[0.667],"y":[1]},"o":{"x":[0.333],"y":[0]},"t":32,"s":[98]},{"t":42,"s":[0]}],"ix":11},"r":{"a":0,"k":0,"ix":10},"p":{"a":0,"k":[532.256,570.516,0],"ix":2},"a":{"a":0,"k":[0,0,0],"ix":1},"s":{"a":0,"k":[93.779,93.779,100],"ix":6}},"ao":0,"shapes":[{"ty":"gr","it":[{"d":1,"ty":"el","s":{"a":0,"k":[605.185,605.185],"ix":2},"p":{"a":0,"k":[0,0],"ix":3},"nm":"Ellipse Path 1","mn":"ADBE Vector Shape - Ellipse","hd":false},{"ty":"st","c":{"a":0,"k":[0,0.690196078431,0.960784313725,1],"ix":3},"o":{"a":0,"k":100,"ix":4},"w":{"a":0,"k":0,"ix":5},"lc":1,"lj":1,"ml":4,"bm":0,"nm":"Stroke 1","mn":"ADBE Vector Graphic - Stroke","hd":false},{"ty":"gf","o":{"a":0,"k":100,"ix":10},"r":1,"bm":0,"g":{"p":3,"k":{"a":0,"k":[0,0,0.69,0.961,0.54,0,0.69,0.961,0.999,0,0.69,0.961],"ix":9}},"s":{"a":0,"k":[0,0],"ix":5},"e":{"a":0,"k":[100,0],"ix":6},"t":1,"nm":"Gradient Fill 1","mn":"ADBE Vector Graphic - G-Fill","hd":false},{"ty":"tr","p":{"a":0,"k":[-15.58,-21.415],"ix":2},"a":{"a":0,"k":[0,0],"ix":1},"s":{"a":0,"k":[89.51,89.51],"ix":3},"r":{"a":0,"k":0,"ix":6},"o":{"a":0,"k":100,"ix":7},"sk":{"a":0,"k":0,"ix":4},"sa":{"a":0,"k":0,"ix":5},"nm":"Transform"}],"nm":"Ellipse 1","np":3,"cix":2,"bm":0,"ix":1,"mn":"ADBE Vector Group","hd":false}],"ip":0,"op":110,"st":0,"bm":0},{"ddd":0,"ind":6,"ty":0,"nm":"Celebrative","refId":"comp_0","sr":1,"ks":{"o":{"a":0,"k":100,"ix":11},"r":{"a":0,"k":0,"ix":10},"p":{"a":0,"k":[540,540,0],"ix":2},"a":{"a":0,"k":[540,540,0],"ix":1},"s":{"a":0,"k":[120,120,100],"ix":6}},"ao":0,"w":1080,"h":1080,"ip":40,"op":120,"st":40,"bm":0}],"markers":[],"chars":[{"ch":"+","size":193,"style":"SemiBoldItalic","w":58.4,"data":{"shapes":[{"ty":"gr","it":[{"ind":0,"ty":"sh","ix":1,"ks":{"a":0,"k":{"i":[[0,0],[0,0],[0,0],[0,0],[0,0],[0,0],[0,0],[0,0],[0,0],[0,0],[0,0],[0,0]],"o":[[0,0],[0,0],[0,0],[0,0],[0,0],[0,0],[0,0],[0,0],[0,0],[0,0],[0,0],[0,0]],"v":[[25.781,-21.387],[25.781,0],[34.131,0],[34.131,-21.387],[55.42,-21.387],[55.42,-29.59],[34.131,-29.59],[34.131,-51.025],[25.781,-51.025],[25.781,-29.59],[4.492,-29.59],[4.492,-21.387]],"c":true},"ix":2},"nm":"+","mn":"ADBE Vector Shape - Group","hd":false}],"nm":"+","np":3,"cix":2,"bm":0,"ix":1,"mn":"ADBE Vector Group","hd":false}]},"fFamily":"OpenSans"}]}